1,jeu_1_nb_cles_100.txt,0.0
2,jeu_1_nb_cles_1000.txt,0.015621185302734375
3,jeu_1_nb_cles_10000.txt,0.1093297004699707
4,jeu_1_nb_cles_200.txt,0.0
5,jeu_1_nb_cles_20000.txt,0.2812991142272949
6,jeu_1_nb_cles_500.txt,0.0
7,jeu_1_nb_cles_5000.txt,0.04687929153442383
8,jeu_1_nb_cles_50000.txt,0.7909054756164551
9,jeu_2_nb_cles_100.txt,0.0
10,jeu_2_nb_cles_1000.txt,0.015626907348632812
11,jeu_2_nb_cles_10000.txt,0.12501168251037598
12,jeu_2_nb_cles_200.txt,0.0
13,jeu_2_nb_cles_20000.txt,0.2656538486480713
14,jeu_2_nb_cles_500.txt,0.0
15,jeu_2_nb_cles_5000.txt,0.046880483627319336
16,jeu_2_nb_cles_50000.txt,0.7657077312469482
17,jeu_3_nb_cles_100.txt,0.0
18,jeu_3_nb_cles_1000.txt,0.015627384185791016
19,jeu_3_nb_cles_10000.txt,0.14067292213439941
20,jeu_3_nb_cles_200.txt,0.0
21,jeu_3_nb_cles_20000.txt,0.2968747615814209
22,jeu_3_nb_cles_500.txt,0.0
23,jeu_3_nb_cles_5000.txt,0.04688096046447754
24,jeu_3_nb_cles_50000.txt,0.7813348770141602
25,jeu_4_nb_cles_100.txt,0.0
26,jeu_4_nb_cles_1000.txt,0.0
27,jeu_4_nb_cles_10000.txt,0.1250135898590088
28,jeu_4_nb_cles_200.txt,0.015627145767211914
29,jeu_4_nb_cles_20000.txt,0.2656540870666504
30,jeu_4_nb_cles_500.txt,0.0
31,jeu_4_nb_cles_5000.txt,0.09376025199890137
32,jeu_4_nb_cles_50000.txt,0.7656700611114502
33,jeu_5_nb_cles_100.txt,0.0
34,jeu_5_nb_cles_1000.txt,0.0
35,jeu_5_nb_cles_10000.txt,0.12501215934753418
36,jeu_5_nb_cles_200.txt,0.0
37,jeu_5_nb_cles_20000.txt,0.2969067096710205
38,jeu_5_nb_cles_500.txt,0.0
39,jeu_5_nb_cles_5000.txt,0.04688000679016113
40,jeu_5_nb_cles_50000.txt,0.7501134872436523
-1,total du temps en seconde pour tout les fichiers : ,6.228943824768066
