1,jeu_1_nb_cles_100.txt,0.0
2,jeu_1_nb_cles_1000.txt,15.635490417480469
3,jeu_1_nb_cles_10000.txt,78.13119888305664
4,jeu_1_nb_cles_200.txt,0.0
5,jeu_1_nb_cles_20000.txt,171.89335823059082
6,jeu_1_nb_cles_500.txt,15.629291534423828
7,jeu_1_nb_cles_5000.txt,31.252384185791016
8,jeu_1_nb_cles_50000.txt,515.6843662261963
9,jeu_2_nb_cles_100.txt,0.0
10,jeu_2_nb_cles_1000.txt,0.0
11,jeu_2_nb_cles_10000.txt,78.10235023498535
12,jeu_2_nb_cles_200.txt,0.0
13,jeu_2_nb_cles_20000.txt,171.891450881958
14,jeu_2_nb_cles_500.txt,0.0
15,jeu_2_nb_cles_5000.txt,31.245708465576172
16,jeu_2_nb_cles_50000.txt,546.9131469726562
17,jeu_3_nb_cles_100.txt,0.0
18,jeu_3_nb_cles_1000.txt,0.0
19,jeu_3_nb_cles_10000.txt,78.12738418579102
20,jeu_3_nb_cles_200.txt,0.0
21,jeu_3_nb_cles_20000.txt,203.14550399780273
22,jeu_3_nb_cles_500.txt,15.632390975952148
23,jeu_3_nb_cles_5000.txt,31.24833106994629
24,jeu_3_nb_cles_50000.txt,548.6037731170654
25,jeu_4_nb_cles_100.txt,0.0
26,jeu_4_nb_cles_1000.txt,0.0
27,jeu_4_nb_cles_10000.txt,78.13310623168945
28,jeu_4_nb_cles_200.txt,15.626668930053711
29,jeu_4_nb_cles_20000.txt,171.89383506774902
30,jeu_4_nb_cles_500.txt,0.0
31,jeu_4_nb_cles_5000.txt,46.881675720214844
32,jeu_4_nb_cles_50000.txt,546.9088554382324
33,jeu_5_nb_cles_100.txt,0.0
34,jeu_5_nb_cles_1000.txt,0.0
35,jeu_5_nb_cles_10000.txt,78.13286781311035
36,jeu_5_nb_cles_200.txt,0.0
37,jeu_5_nb_cles_20000.txt,203.14359664916992
38,jeu_5_nb_cles_500.txt,0.0
39,jeu_5_nb_cles_5000.txt,46.88096046447754
40,jeu_5_nb_cles_50000.txt,546.9393730163574
-1,total du temps en miliseconde pour tout les fichiers : ,4267.677068710327
