1,jeu_1_nb_cles_100.txt,0.0
2,jeu_1_nb_cles_1000.txt,0.015682458877563477
3,jeu_1_nb_cles_10000.txt,0.14069485664367676
4,jeu_1_nb_cles_200.txt,0.0
5,jeu_1_nb_cles_20000.txt,0.2812812328338623
6,jeu_1_nb_cles_500.txt,0.0
7,jeu_1_nb_cles_5000.txt,0.06250572204589844
8,jeu_1_nb_cles_50000.txt,0.718827486038208
9,jeu_2_nb_cles_100.txt,0.0
10,jeu_2_nb_cles_1000.txt,0.015682697296142578
11,jeu_2_nb_cles_10000.txt,0.14470481872558594
12,jeu_2_nb_cles_200.txt,0.0
13,jeu_2_nb_cles_20000.txt,0.28133630752563477
14,jeu_2_nb_cles_500.txt,0.0
15,jeu_2_nb_cles_5000.txt,0.07816243171691895
16,jeu_2_nb_cles_50000.txt,0.7188291549682617
17,jeu_3_nb_cles_100.txt,0.0
18,jeu_3_nb_cles_1000.txt,0.015609979629516602
19,jeu_3_nb_cles_10000.txt,0.1563115119934082
20,jeu_3_nb_cles_200.txt,0.0
21,jeu_3_nb_cles_20000.txt,0.29685020446777344
22,jeu_3_nb_cles_500.txt,0.015627384185791016
23,jeu_3_nb_cles_5000.txt,0.06250476837158203
24,jeu_3_nb_cles_50000.txt,0.7188584804534912
25,jeu_4_nb_cles_100.txt,0.0
26,jeu_4_nb_cles_1000.txt,0.015624046325683594
27,jeu_4_nb_cles_10000.txt,0.140641450881958
28,jeu_4_nb_cles_200.txt,0.0
29,jeu_4_nb_cles_20000.txt,0.28127479553222656
30,jeu_4_nb_cles_500.txt,0.0
31,jeu_4_nb_cles_5000.txt,0.06250619888305664
32,jeu_4_nb_cles_50000.txt,0.7188022136688232
33,jeu_5_nb_cles_100.txt,0.0
34,jeu_5_nb_cles_1000.txt,0.0
35,jeu_5_nb_cles_10000.txt,0.12499237060546875
36,jeu_5_nb_cles_200.txt,0.0
37,jeu_5_nb_cles_20000.txt,0.28125858306884766
38,jeu_5_nb_cles_500.txt,0.015651941299438477
39,jeu_5_nb_cles_5000.txt,0.0624845027923584
40,jeu_5_nb_cles_50000.txt,0.7188045978546143
