1,jeu_1_nb_cles_100.txt,0.0
2,jeu_1_nb_cles_1000.txt,0.0
3,jeu_1_nb_cles_10000.txt,15.627384185791016
4,jeu_1_nb_cles_200.txt,0.0
5,jeu_1_nb_cles_20000.txt,46.88429832458496
6,jeu_1_nb_cles_500.txt,0.0
7,jeu_1_nb_cles_5000.txt,15.597343444824219
8,jeu_1_nb_cles_50000.txt,125.01358985900879
9,jeu_2_nb_cles_100.txt,0.0
10,jeu_2_nb_cles_1000.txt,0.0
11,jeu_2_nb_cles_10000.txt,31.256914138793945
12,jeu_2_nb_cles_200.txt,0.0
13,jeu_2_nb_cles_20000.txt,46.87905311584473
14,jeu_2_nb_cles_500.txt,0.0
15,jeu_2_nb_cles_5000.txt,15.629053115844727
16,jeu_2_nb_cles_50000.txt,109.38310623168945
17,jeu_3_nb_cles_100.txt,0.0
18,jeu_3_nb_cles_1000.txt,0.0
19,jeu_3_nb_cles_10000.txt,15.618562698364258
20,jeu_3_nb_cles_200.txt,0.0
21,jeu_3_nb_cles_20000.txt,46.88310623168945
22,jeu_3_nb_cles_500.txt,0.0
23,jeu_3_nb_cles_5000.txt,15.62643051147461
24,jeu_3_nb_cles_50000.txt,125.00762939453125
25,jeu_4_nb_cles_100.txt,0.0
26,jeu_4_nb_cles_1000.txt,0.0
27,jeu_4_nb_cles_10000.txt,15.629053115844727
28,jeu_4_nb_cles_200.txt,0.0
29,jeu_4_nb_cles_20000.txt,46.878814697265625
30,jeu_4_nb_cles_500.txt,15.631437301635742
31,jeu_4_nb_cles_5000.txt,15.624523162841797
32,jeu_4_nb_cles_50000.txt,109.38167572021484
33,jeu_5_nb_cles_100.txt,0.0
34,jeu_5_nb_cles_1000.txt,0.0
35,jeu_5_nb_cles_10000.txt,31.247615814208984
36,jeu_5_nb_cles_200.txt,0.0
37,jeu_5_nb_cles_20000.txt,46.878814697265625
38,jeu_5_nb_cles_500.txt,0.0
39,jeu_5_nb_cles_5000.txt,15.62643051147461
40,jeu_5_nb_cles_50000.txt,109.38453674316406
-1,total du temps en seconde pour tout les fichiers : ,1015.6893730163574
