1,jeu_1_nb_cles_100.txt,0.0
2,jeu_1_nb_cles_1000.txt,15.21611213684082
3,jeu_1_nb_cles_10000.txt,140.63596725463867
4,jeu_1_nb_cles_200.txt,15.633821487426758
5,jeu_1_nb_cles_20000.txt,281.30435943603516
6,jeu_1_nb_cles_500.txt,0.0
7,jeu_1_nb_cles_5000.txt,78.03797721862793
8,jeu_1_nb_cles_50000.txt,718.8599109649658
9,jeu_2_nb_cles_100.txt,0.0
10,jeu_2_nb_cles_1000.txt,0.0
11,jeu_2_nb_cles_10000.txt,140.6388282775879
12,jeu_2_nb_cles_200.txt,0.0
13,jeu_2_nb_cles_20000.txt,296.9062328338623
14,jeu_2_nb_cles_500.txt,15.176773071289062
15,jeu_2_nb_cles_5000.txt,78.13167572021484
16,jeu_2_nb_cles_50000.txt,718.825101852417
17,jeu_3_nb_cles_100.txt,0.0
18,jeu_3_nb_cles_1000.txt,15.625715255737305
19,jeu_3_nb_cles_10000.txt,140.639066696167
20,jeu_3_nb_cles_200.txt,15.627384185791016
21,jeu_3_nb_cles_20000.txt,281.2783718109131
22,jeu_3_nb_cles_500.txt,0.0
23,jeu_3_nb_cles_5000.txt,62.50572204589844
24,jeu_3_nb_cles_50000.txt,718.8248634338379
25,jeu_4_nb_cles_100.txt,0.0
26,jeu_4_nb_cles_1000.txt,15.683889389038086
27,jeu_4_nb_cles_10000.txt,140.61427116394043
28,jeu_4_nb_cles_200.txt,0.0
29,jeu_4_nb_cles_20000.txt,281.2480926513672
30,jeu_4_nb_cles_500.txt,15.618085861206055
31,jeu_4_nb_cles_5000.txt,62.50452995300293
32,jeu_4_nb_cles_50000.txt,718.8282012939453
33,jeu_5_nb_cles_100.txt,0.0
34,jeu_5_nb_cles_1000.txt,15.626192092895508
35,jeu_5_nb_cles_10000.txt,140.63692092895508
36,jeu_5_nb_cles_200.txt,0.0
37,jeu_5_nb_cles_20000.txt,281.2788486480713
38,jeu_5_nb_cles_500.txt,15.627861022949219
39,jeu_5_nb_cles_5000.txt,62.50619888305664
40,jeu_5_nb_cles_50000.txt,718.8265323638916
-1,total du temps en miliseconde pour tout les fichiers : ,6202.86750793457
