1,jeu_1_nb_cles_100.txt,0.0
2,jeu_1_nb_cles_1000.txt,0.015624523162841797
3,jeu_1_nb_cles_10000.txt,0.14066576957702637
4,jeu_1_nb_cles_200.txt,0.015601396560668945
5,jeu_1_nb_cles_20000.txt,0.2812786102294922
6,jeu_1_nb_cles_500.txt,0.01562809944152832
7,jeu_1_nb_cles_5000.txt,0.06250548362731934
8,jeu_1_nb_cles_50000.txt,0.671973466873169
9,jeu_2_nb_cles_100.txt,0.015626907348632812
10,jeu_2_nb_cles_1000.txt,0.0
11,jeu_2_nb_cles_10000.txt,0.1405198574066162
12,jeu_2_nb_cles_200.txt,0.0
13,jeu_2_nb_cles_20000.txt,0.2187662124633789
14,jeu_2_nb_cles_500.txt,0.0
15,jeu_2_nb_cles_5000.txt,0.07812905311584473
16,jeu_2_nb_cles_50000.txt,0.712531328201294
17,jeu_3_nb_cles_100.txt,0.0
18,jeu_3_nb_cles_1000.txt,0.01562643051147461
19,jeu_3_nb_cles_10000.txt,0.14063572883605957
20,jeu_3_nb_cles_200.txt,0.0
21,jeu_3_nb_cles_20000.txt,0.28128933906555176
22,jeu_3_nb_cles_500.txt,0.015624761581420898
23,jeu_3_nb_cles_5000.txt,0.06250190734863281
24,jeu_3_nb_cles_50000.txt,0.6250710487365723
25,jeu_4_nb_cles_100.txt,0.0
26,jeu_4_nb_cles_1000.txt,0.015629053115844727
27,jeu_4_nb_cles_10000.txt,0.1406388282775879
28,jeu_4_nb_cles_200.txt,0.0
29,jeu_4_nb_cles_20000.txt,0.26565122604370117
30,jeu_4_nb_cles_500.txt,0.0
31,jeu_4_nb_cles_5000.txt,0.07812833786010742
32,jeu_4_nb_cles_50000.txt,0.671917200088501
33,jeu_5_nb_cles_100.txt,0.0
34,jeu_5_nb_cles_1000.txt,0.0
35,jeu_5_nb_cles_10000.txt,0.10937762260437012
36,jeu_5_nb_cles_200.txt,0.0
37,jeu_5_nb_cles_20000.txt,0.25002503395080566
38,jeu_5_nb_cles_500.txt,0.015627145767211914
39,jeu_5_nb_cles_5000.txt,0.06250309944152832
40,jeu_5_nb_cles_50000.txt,0.703171968460083
