1,jeu_1_nb_cles_100.txt,0.0
2,jeu_1_nb_cles_1000.txt,15.621185302734375
3,jeu_1_nb_cles_10000.txt,140.66553115844727
4,jeu_1_nb_cles_200.txt,0.0
5,jeu_1_nb_cles_20000.txt,281.327486038208
6,jeu_1_nb_cles_500.txt,0.0
7,jeu_1_nb_cles_5000.txt,62.50452995300293
8,jeu_1_nb_cles_50000.txt,734.4217300415039
9,jeu_2_nb_cles_100.txt,0.0
10,jeu_2_nb_cles_1000.txt,15.625715255737305
11,jeu_2_nb_cles_10000.txt,140.63549041748047
12,jeu_2_nb_cles_200.txt,0.0
13,jeu_2_nb_cles_20000.txt,281.2795639038086
14,jeu_2_nb_cles_500.txt,0.0
15,jeu_2_nb_cles_5000.txt,62.44945526123047
16,jeu_2_nb_cles_50000.txt,687.6163482666016
17,jeu_3_nb_cles_100.txt,0.0
18,jeu_3_nb_cles_1000.txt,15.625476837158203
19,jeu_3_nb_cles_10000.txt,109.33566093444824
20,jeu_3_nb_cles_200.txt,0.0
21,jeu_3_nb_cles_20000.txt,249.96447563171387
22,jeu_3_nb_cles_500.txt,0.0
23,jeu_3_nb_cles_5000.txt,46.87952995300293
24,jeu_3_nb_cles_50000.txt,734.4589233398438
25,jeu_4_nb_cles_100.txt,0.0
26,jeu_4_nb_cles_1000.txt,15.624523162841797
27,jeu_4_nb_cles_10000.txt,125.00667572021484
28,jeu_4_nb_cles_200.txt,0.0
29,jeu_4_nb_cles_20000.txt,265.6519412994385
30,jeu_4_nb_cles_500.txt,15.629053115844727
31,jeu_4_nb_cles_5000.txt,62.508583068847656
32,jeu_4_nb_cles_50000.txt,734.4348430633545
33,jeu_5_nb_cles_100.txt,0.0
34,jeu_5_nb_cles_1000.txt,15.601634979248047
35,jeu_5_nb_cles_10000.txt,129.67634201049805
36,jeu_5_nb_cles_200.txt,15.576601028442383
37,jeu_5_nb_cles_20000.txt,296.9076633453369
38,jeu_5_nb_cles_500.txt,15.625715255737305
39,jeu_5_nb_cles_5000.txt,46.880483627319336
40,jeu_5_nb_cles_50000.txt,718.7676429748535
-1,total du temps en miliseconde pour tout les fichiers : ,6036.302804946899
