1,jeu_1_nb_cles_100.txt,0.0
2,jeu_1_nb_cles_1000.txt,0.0
3,jeu_1_nb_cles_10000.txt,140.639066696167
4,jeu_1_nb_cles_200.txt,0.0
5,jeu_1_nb_cles_20000.txt,312.5338554382324
6,jeu_1_nb_cles_500.txt,15.626668930053711
7,jeu_1_nb_cles_5000.txt,78.13286781311035
8,jeu_1_nb_cles_50000.txt,765.7077312469482
9,jeu_2_nb_cles_100.txt,0.0
10,jeu_2_nb_cles_1000.txt,15.625953674316406
11,jeu_2_nb_cles_10000.txt,156.2669277191162
12,jeu_2_nb_cles_200.txt,0.0
13,jeu_2_nb_cles_20000.txt,312.57009506225586
14,jeu_2_nb_cles_500.txt,15.648603439331055
15,jeu_2_nb_cles_5000.txt,78.12905311584473
16,jeu_2_nb_cles_50000.txt,750.0767707824707
17,jeu_3_nb_cles_100.txt,0.0
18,jeu_3_nb_cles_1000.txt,15.649557113647461
19,jeu_3_nb_cles_10000.txt,156.2671661376953
20,jeu_3_nb_cles_200.txt,0.0
21,jeu_3_nb_cles_20000.txt,296.88000679016113
22,jeu_3_nb_cles_500.txt,15.627384185791016
23,jeu_3_nb_cles_5000.txt,78.13191413879395
24,jeu_3_nb_cles_50000.txt,734.4532012939453
25,jeu_4_nb_cles_100.txt,0.0
26,jeu_4_nb_cles_1000.txt,15.622138977050781
27,jeu_4_nb_cles_10000.txt,156.29887580871582
28,jeu_4_nb_cles_200.txt,0.0
29,jeu_4_nb_cles_20000.txt,296.9050407409668
30,jeu_4_nb_cles_500.txt,0.0
31,jeu_4_nb_cles_5000.txt,78.13358306884766
32,jeu_4_nb_cles_50000.txt,750.079870223999
33,jeu_5_nb_cles_100.txt,0.0
34,jeu_5_nb_cles_1000.txt,15.626668930053711
35,jeu_5_nb_cles_10000.txt,140.6397819519043
36,jeu_5_nb_cles_200.txt,0.0
37,jeu_5_nb_cles_20000.txt,296.89955711364746
38,jeu_5_nb_cles_500.txt,0.0
39,jeu_5_nb_cles_5000.txt,62.50452995300293
40,jeu_5_nb_cles_50000.txt,734.4911098480225
-1,total du temps en miliseconde pour tout les fichiers : ,6485.167980194092
