1,jeu_1_nb_cles_100.txt,0.0
2,jeu_1_nb_cles_1000.txt,15.09547233581543
3,jeu_1_nb_cles_10000.txt,62.51120567321777
4,jeu_1_nb_cles_200.txt,0.0
5,jeu_1_nb_cles_20000.txt,140.65980911254883
6,jeu_1_nb_cles_500.txt,0.0
7,jeu_1_nb_cles_5000.txt,31.27598762512207
8,jeu_1_nb_cles_50000.txt,375.0619888305664
9,jeu_2_nb_cles_100.txt,15.60068130493164
10,jeu_2_nb_cles_1000.txt,0.0
11,jeu_2_nb_cles_10000.txt,78.15933227539062
12,jeu_2_nb_cles_200.txt,0.0
13,jeu_2_nb_cles_20000.txt,140.6393051147461
14,jeu_2_nb_cles_500.txt,0.0
15,jeu_2_nb_cles_5000.txt,46.91910743713379
16,jeu_2_nb_cles_50000.txt,359.4164848327637
17,jeu_3_nb_cles_100.txt,0.0
18,jeu_3_nb_cles_1000.txt,15.672683715820312
19,jeu_3_nb_cles_10000.txt,78.13215255737305
20,jeu_3_nb_cles_200.txt,15.624284744262695
21,jeu_3_nb_cles_20000.txt,140.6381130218506
22,jeu_3_nb_cles_500.txt,0.0
23,jeu_3_nb_cles_5000.txt,31.309843063354492
24,jeu_3_nb_cles_50000.txt,359.3862056732178
25,jeu_4_nb_cles_100.txt,0.0
26,jeu_4_nb_cles_1000.txt,15.657901763916016
27,jeu_4_nb_cles_10000.txt,78.12833786010742
28,jeu_4_nb_cles_200.txt,0.0
29,jeu_4_nb_cles_20000.txt,149.37901496887207
30,jeu_4_nb_cles_500.txt,15.62809944152832
31,jeu_4_nb_cles_5000.txt,46.87952995300293
32,jeu_4_nb_cles_50000.txt,359.41171646118164
33,jeu_5_nb_cles_100.txt,0.0
34,jeu_5_nb_cles_1000.txt,0.0
35,jeu_5_nb_cles_10000.txt,78.17316055297852
36,jeu_5_nb_cles_200.txt,0.0
37,jeu_5_nb_cles_20000.txt,156.26192092895508
38,jeu_5_nb_cles_500.txt,15.627384185791016
39,jeu_5_nb_cles_5000.txt,46.88525199890137
40,jeu_5_nb_cles_50000.txt,359.41004753112793
-1,total du temps en miliseconde pour tout les fichiers : ,3227.5450229644775
