1,jeu_1_nb_cles_100.txt,0.0
2,jeu_1_nb_cles_1000.txt,15.599489212036133
3,jeu_1_nb_cles_10000.txt,62.46662139892578
4,jeu_1_nb_cles_200.txt,0.0
5,jeu_1_nb_cles_20000.txt,97.84555435180664
6,jeu_1_nb_cles_500.txt,0.0
7,jeu_1_nb_cles_5000.txt,15.684127807617188
8,jeu_1_nb_cles_50000.txt,343.7831401824951
9,jeu_2_nb_cles_100.txt,0.0
10,jeu_2_nb_cles_1000.txt,0.0
11,jeu_2_nb_cles_10000.txt,46.8745231628418
12,jeu_2_nb_cles_200.txt,15.629053115844727
13,jeu_2_nb_cles_20000.txt,140.69318771362305
14,jeu_2_nb_cles_500.txt,0.0
15,jeu_2_nb_cles_5000.txt,15.684366226196289
16,jeu_2_nb_cles_50000.txt,218.77050399780273
17,jeu_3_nb_cles_100.txt,0.0
18,jeu_3_nb_cles_1000.txt,0.0
19,jeu_3_nb_cles_10000.txt,109.38620567321777
20,jeu_3_nb_cles_200.txt,0.0
21,jeu_3_nb_cles_20000.txt,140.67459106445312
22,jeu_3_nb_cles_500.txt,0.0
23,jeu_3_nb_cles_5000.txt,31.22234344482422
24,jeu_3_nb_cles_50000.txt,171.89431190490723
25,jeu_4_nb_cles_100.txt,0.0
26,jeu_4_nb_cles_1000.txt,0.0
27,jeu_4_nb_cles_10000.txt,78.10115814208984
28,jeu_4_nb_cles_200.txt,0.0
29,jeu_4_nb_cles_20000.txt,109.35497283935547
30,jeu_4_nb_cles_500.txt,0.0
31,jeu_4_nb_cles_5000.txt,46.87857627868652
32,jeu_4_nb_cles_50000.txt,187.55722045898438
33,jeu_5_nb_cles_100.txt,0.0
34,jeu_5_nb_cles_1000.txt,0.0
35,jeu_5_nb_cles_10000.txt,46.87952995300293
36,jeu_5_nb_cles_200.txt,0.0
37,jeu_5_nb_cles_20000.txt,140.62809944152832
38,jeu_5_nb_cles_500.txt,15.630245208740234
39,jeu_5_nb_cles_5000.txt,15.623331069946289
40,jeu_5_nb_cles_50000.txt,281.2695503234863
-1,total du temps en miliseconde pour tout les fichiers : ,2348.130702972412
