1,jeu_1_nb_cles_100.txt,0.0
2,jeu_1_nb_cles_1000.txt,15.326499938964844
3,jeu_1_nb_cles_10000.txt,140.63572883605957
4,jeu_1_nb_cles_200.txt,0.0
5,jeu_1_nb_cles_20000.txt,281.27455711364746
6,jeu_1_nb_cles_500.txt,15.160322189331055
7,jeu_1_nb_cles_5000.txt,62.146663665771484
8,jeu_1_nb_cles_50000.txt,765.6795978546143
9,jeu_2_nb_cles_100.txt,0.0
10,jeu_2_nb_cles_1000.txt,15.405654907226562
11,jeu_2_nb_cles_10000.txt,125.0154972076416
12,jeu_2_nb_cles_200.txt,15.647649765014648
13,jeu_2_nb_cles_20000.txt,265.63143730163574
14,jeu_2_nb_cles_500.txt,15.651941299438477
15,jeu_2_nb_cles_5000.txt,46.85163497924805
16,jeu_2_nb_cles_50000.txt,734.4532012939453
17,jeu_3_nb_cles_100.txt,0.0
18,jeu_3_nb_cles_1000.txt,15.225410461425781
19,jeu_3_nb_cles_10000.txt,109.41696166992188
20,jeu_3_nb_cles_200.txt,0.0
21,jeu_3_nb_cles_20000.txt,265.6524181365967
22,jeu_3_nb_cles_500.txt,0.0
23,jeu_3_nb_cles_5000.txt,62.50333786010742
24,jeu_3_nb_cles_50000.txt,782.5124263763428
25,jeu_4_nb_cles_100.txt,0.0
26,jeu_4_nb_cles_1000.txt,15.183448791503906
27,jeu_4_nb_cles_10000.txt,156.23021125793457
28,jeu_4_nb_cles_200.txt,0.0
29,jeu_4_nb_cles_20000.txt,281.2824249267578
30,jeu_4_nb_cles_500.txt,0.0
31,jeu_4_nb_cles_5000.txt,62.30354309082031
32,jeu_4_nb_cles_50000.txt,781.3291549682617
33,jeu_5_nb_cles_100.txt,0.0
34,jeu_5_nb_cles_1000.txt,15.413045883178711
35,jeu_5_nb_cles_10000.txt,125.01287460327148
36,jeu_5_nb_cles_200.txt,0.0
37,jeu_5_nb_cles_20000.txt,250.0298023223877
38,jeu_5_nb_cles_500.txt,0.0
39,jeu_5_nb_cles_5000.txt,62.52717971801758
40,jeu_5_nb_cles_50000.txt,750.0548362731934
-1,total du temps en seconde pour tout les fichiers : ,6233.557462692261
